time,value
2021-08-01 00:00:00,0.6162097013333334
2021-08-01 00:30:00,0.5686666006666666
2021-08-01 01:00:00,0.5450942703333334
2021-08-01 01:30:00,0.4993477846666667
2021-08-01 02:00:00,0.4745519573333333
2021-08-01 02:30:00,0.475153826
2021-08-01 03:00:00,0.4672617233333333
2021-08-01 03:30:00,0.4687448493333333
2021-08-01 04:00:00,0.4662214999999999
2021-08-01 04:30:00,0.4693738234482759
2021-08-01 05:00:00,0.458119557
2021-08-01 05:30:00,0.4524573853333333
2021-08-01 06:00:00,0.3864331113333333
2021-08-01 06:30:00,0.2834924753333333
2021-08-01 07:00:00,0.2195487661666666
2021-08-01 07:30:00,0.1781723201133333
2021-08-01 08:00:00,0.4231671144666666
2021-08-01 08:30:00,0.302603959
2021-08-01 09:00:00,0.5549708216666667
2021-08-01 09:30:00,0.2352328595
2021-08-01 10:00:00,0.6278749716666667
2021-08-01 10:30:00,0.1422957289333333
2021-08-01 11:00:00,-0.0316204656999999
2021-08-01 11:30:00,-0.0631627720666666
2021-08-01 12:00:00,-0.7802046494666667
2021-08-01 12:30:00,-0.982237721
2021-08-01 13:00:00,-0.9694596653
2021-08-01 13:30:00,-1.3582401536666666
2021-08-01 14:00:00,-1.3387203966666663
2021-08-01 14:30:00,-0.2953488745666667
2021-08-01 15:00:00,-0.0069382023399999
2021-08-01 15:30:00,-0.13963694949
2021-08-01 16:00:00,0.3960133227333333
2021-08-01 16:30:00,-0.0620108343166666
2021-08-01 17:00:00,0.1942644109333333
2021-08-01 17:30:00,0.4930212186666666
2021-08-01 18:00:00,0.7160261856666666
2021-08-01 18:30:00,0.8503953249999999
2021-08-01 19:00:00,0.902556063
2021-08-01 19:30:00,0.8890479363333333
2021-08-01 20:00:00,0.906138938
2021-08-01 20:30:00,0.896495581
2021-08-01 21:00:00,0.855810754
2021-08-01 21:30:00,0.780375659
2021-08-01 22:00:00,0.6906347066666666
2021-08-01 22:30:00,0.6203101534482759
2021-08-01 23:00:00,0.5938973679310344
2021-08-01 23:30:00,0.5661411779310345
2021-08-02 00:00:00,0.6045667163333334
2021-08-02 00:30:00,0.56683054
2021-08-02 01:00:00,0.5541949223333333
2021-08-02 01:30:00,0.5030687513333334
2021-08-02 02:00:00,0.4906970863333333
2021-08-02 02:30:00,0.4916387793333333
2021-08-02 03:00:00,0.491584025
2021-08-02 03:30:00,0.4762493666666667
2021-08-02 04:00:00,0.494114365
2021-08-02 04:30:00,0.4921008943333333
2021-08-02 05:00:00,0.524360693
2021-08-02 05:30:00,0.5202017236666667
2021-08-02 06:00:00,0.468921959
2021-08-02 06:30:00,0.343403351
2021-08-02 07:00:00,0.1613198398333333
2021-08-02 07:30:00,0.26430183585
2021-08-02 08:00:00,0.0073347170333333
2021-08-02 08:30:00,-0.4021853809333333
2021-08-02 09:00:00,-0.6354891044900001
2021-08-02 09:30:00,-0.2912113269666667
2021-08-02 10:00:00,-0.4436352201133333
2021-08-02 10:30:00,-0.803724914
2021-08-02 11:00:00,-0.5324244841379311
2021-08-02 11:30:00,-0.680532998
2021-08-02 12:00:00,-0.3974007073333333
2021-08-02 12:30:00,-0.2152501715333333
2021-08-02 13:00:00,-0.25940484
2021-08-02 13:30:00,-0.356610579
2021-08-02 14:00:00,-0.0669459912
2021-08-02 14:30:00,-0.1329979446966666
2021-08-02 15:00:00,-0.0238059576466666
2021-08-02 15:30:00,0.02057115638
2021-08-02 16:00:00,0.2312619316333333
2021-08-02 16:30:00,0.576655308
2021-08-02 17:00:00,0.705565938
2021-08-02 17:30:00,0.6585970023333334
2021-08-02 18:00:00,0.7356687536666667
2021-08-02 18:30:00,0.8779935793333333
2021-08-02 19:00:00,0.8755175396666667
2021-08-02 19:30:00,0.9176276746666668
2021-08-02 20:00:00,0.9332126296666666
2021-08-02 20:30:00,0.9006150306666666
2021-08-02 21:00:00,0.8578244783333333
2021-08-02 21:30:00,0.7730157355172413
2021-08-02 22:00:00,0.6778305486666666
2021-08-02 22:30:00,0.6234185927586207
2021-08-02 23:00:00,0.6057628068965518
2021-08-02 23:30:00,0.5768592926666667
2021-08-03 00:00:00,0.5986865853333333
2021-08-03 00:30:00,0.5686985583333333
2021-08-03 01:00:00,0.539021361
2021-08-03 01:30:00,0.5062526386666667
2021-08-03 02:00:00,0.4833504065517241
2021-08-03 02:30:00,0.4955784558620689
2021-08-03 03:00:00,0.4926283613333334
2021-08-03 03:30:00,0.4901064026666666
2021-08-03 04:00:00,0.501517339
2021-08-03 04:30:00,0.5179370966666667
2021-08-03 05:00:00,0.5535171253333334
2021-08-03 05:30:00,0.5406259013333333
2021-08-03 06:00:00,0.477383952
2021-08-03 06:30:00,0.3173039826666667
2021-08-03 07:00:00,0.1033904938566666
2021-08-03 07:30:00,-0.02471241534
2021-08-03 08:00:00,-0.2615278980133333
2021-08-03 08:30:00,-0.44655110429
2021-08-03 09:00:00,-0.2479468483666666
2021-08-03 09:30:00,-0.5443949313333333
2021-08-03 10:00:00,-0.82860469
2021-08-03 10:30:00,-0.8261864768965517
2021-08-03 11:00:00,-1.0290737903448277
2021-08-03 11:30:00,-1.3852097433333337
2021-08-03 12:00:00,-1.4486055266666669
2021-08-03 12:30:00,-0.866307492
2021-08-03 13:00:00,-0.7780859773333333
2021-08-03 13:30:00,-0.7938985661333333
2021-08-03 14:00:00,0.2423109936333333
2021-08-03 14:30:00,0.542495223
2021-08-03 15:00:00,0.6825024176666666
2021-08-03 15:30:00,0.743573805
2021-08-03 16:00:00,0.8703496296666666
2021-08-03 16:30:00,0.8526904456666667
2021-08-03 17:00:00,0.784371677
2021-08-03 17:30:00,0.7554941373333333
2021-08-03 18:00:00,0.9037059706666668
2021-08-03 18:30:00,0.9171475713333332
2021-08-03 19:00:00,1.0112289576666669
2021-08-03 19:30:00,0.9974918683333333
2021-08-03 20:00:00,0.9419482856666668
2021-08-03 20:30:00,0.920558098
2021-08-03 21:00:00,0.8686630336666668
2021-08-03 21:30:00,0.762319647
2021-08-03 22:00:00,0.692397202
2021-08-03 22:30:00,0.5991051000000001
2021-08-03 23:00:00,0.587988684137931
2021-08-03 23:30:00,0.5647216193333333
2021-08-04 00:00:00,0.5902059119999999
2021-08-04 00:30:00,0.568902644
2021-08-04 01:00:00,0.531558272
2021-08-04 01:30:00,0.4932488873333333
2021-08-04 02:00:00,0.4849017710344827
2021-08-04 02:30:00,0.482599022
2021-08-04 03:00:00,0.4860081826666667
2021-08-04 03:30:00,0.4812706956666667
2021-08-04 04:00:00,0.4900662363333333
2021-08-04 04:30:00,0.4872290916666666
2021-08-04 05:00:00,0.4982599299999999
2021-08-04 05:30:00,0.4590757053333333
2021-08-04 06:00:00,0.4559175856666667
2021-08-04 06:30:00,0.2997912956666667
2021-08-04 07:00:00,0.0457762126066666
2021-08-04 07:30:00,-0.14093210341
2021-08-04 08:00:00,-0.4031108541666667
2021-08-04 08:30:00,0.208391961
2021-08-04 09:00:00,-0.0654584136
2021-08-04 09:30:00,-0.3421914333333333
2021-08-04 10:00:00,0.1041870756333333
2021-08-04 10:30:00,-0.0513405704966666
2021-08-04 11:00:00,-1.2058124016333334
2021-08-04 11:30:00,-1.4836441633333337
2021-08-04 12:00:00,-1.2862406249
2021-08-04 12:30:00,-0.1917879346666667
2021-08-04 13:00:00,0.2848070936666666
2021-08-04 13:30:00,0.0863999117
2021-08-04 14:00:00,0.062751198219
2021-08-04 14:30:00,0.1972506773333333
2021-08-04 15:00:00,0.2832749336666666
2021-08-04 15:30:00,0.413700862
2021-08-04 16:00:00,0.535912052
2021-08-04 16:30:00,0.7189843693333333
2021-08-04 17:00:00,0.6673318966666667
2021-08-04 17:30:00,0.5486706313333334
2021-08-04 18:00:00,0.9459474136666668
2021-08-04 18:30:00,0.9572379393333332
2021-08-04 19:00:00,0.9152476813333332
2021-08-04 19:30:00,0.9201169743333334
2021-08-04 20:00:00,0.9496794983333332
2021-08-04 20:30:00,0.9374293496666668
2021-08-04 21:00:00,0.8362909966666667
2021-08-04 21:30:00,0.7703906913333333
2021-08-04 22:00:00,0.7116743003333333
2021-08-04 22:30:00,0.6352641617241379
2021-08-04 23:00:00,0.6215356875862068
2021-08-04 23:30:00,0.582698919
2021-08-05 00:00:00,0.6103185329999999
2021-08-05 00:30:00,0.5795802376666667
2021-08-05 01:00:00,0.5562273334482758
2021-08-05 01:30:00,0.5104637837931034
2021-08-05 02:00:00,0.492287858
2021-08-05 02:30:00,0.4896214829999999
2021-08-05 03:00:00,0.496602052
2021-08-05 03:30:00,0.4961327863333333
2021-08-05 04:00:00,0.5100849396666667
2021-08-05 04:30:00,0.521826068
2021-08-05 05:00:00,0.5697385436666667
2021-08-05 05:30:00,0.556547864
2021-08-05 06:00:00,0.6733165710000001
2021-08-05 06:30:00,0.6429557443333334
2021-08-05 07:00:00,0.665556156
2021-08-05 07:30:00,0.4268303486666667
2021-08-05 08:00:00,0.5414291276000001
2021-08-05 08:30:00,0.5396796246666666
2021-08-05 09:00:00,0.7240042886666667
2021-08-05 09:30:00,0.4864354523333333
2021-08-05 10:00:00,0.2917518034615384
2021-08-05 10:30:00,0.3050701175862069
2021-08-05 11:00:00,-0.0322323003103448
2021-08-05 11:30:00,-0.3522126826666666
2021-08-05 12:00:00,0.1629561717666666
2021-08-05 12:30:00,0.4719450136666667
2021-08-05 13:00:00,0.5041370463333333
2021-08-05 13:30:00,0.457231921
2021-08-05 14:00:00,0.0929929975
2021-08-05 14:30:00,-0.0804588056666666
2021-08-05 15:00:00,0.0702476507
2021-08-05 15:30:00,-0.2864399073
2021-08-05 16:00:00,0.5210404143333334
2021-08-05 16:30:00,0.6995451100000001
2021-08-05 17:00:00,0.8545373909999999
2021-08-05 17:30:00,0.660683618
2021-08-05 18:00:00,0.8979425013333333
2021-08-05 18:30:00,0.9688940613333332
2021-08-05 19:00:00,0.9620459713333334
2021-08-05 19:30:00,0.9795914443333332
2021-08-05 20:00:00,0.8889753396666666
2021-08-05 20:30:00,0.8714092499999999
2021-08-05 21:00:00,0.8451189496666667
2021-08-05 21:30:00,0.758012095
2021-08-05 22:00:00,0.6732531133333333
2021-08-05 22:30:00,0.6280248675862069
2021-08-05 23:00:00,0.5952249886206896
2021-08-05 23:30:00,0.5630336562068965
2021-08-06 00:00:00,0.5963860144827586
2021-08-06 00:30:00,0.568700215
2021-08-06 01:00:00,0.546139378
2021-08-06 01:30:00,0.5021768573333333
2021-08-06 02:00:00,0.48996198
2021-08-06 02:30:00,0.4904822393333333
2021-08-06 03:00:00,0.4987897763333333
2021-08-06 03:30:00,0.477929236
2021-08-06 04:00:00,0.4974093899999999
2021-08-06 04:30:00,0.503647348
2021-08-06 05:00:00,0.5505233963333332
2021-08-06 05:30:00,0.5813552733333334
2021-08-06 06:00:00,0.570066729
2021-08-06 06:30:00,0.5762310226666667
2021-08-06 07:00:00,0.3389147416066667
2021-08-06 07:30:00,0.2213812142233333
2021-08-06 08:00:00,0.0027418294333333
2021-08-06 08:30:00,-0.1554775191666666
2021-08-06 09:00:00,-0.2852943022333333
2021-08-06 09:30:00,-1.0348226403333334
2021-08-06 10:00:00,-0.8596764448333333
2021-08-06 10:30:00,-0.6734158650000001
2021-08-06 11:00:00,-0.2223755925862069
2021-08-06 11:30:00,-0.3111404702866666
2021-08-06 12:00:00,-1.0729868091666668
2021-08-06 12:30:00,-0.5607634126
2021-08-06 13:00:00,-0.60472506606
2021-08-06 13:30:00,-0.5164522567666666
2021-08-06 14:00:00,-0.8350136640066667
2021-08-06 14:30:00,-0.5692783028666667
2021-08-06 15:00:00,-0.5740553619333333
2021-08-06 15:30:00,-0.5992669903333333
2021-08-06 16:00:00,-0.2163407276999999
2021-08-06 16:30:00,-0.0924834798
2021-08-06 17:00:00,0.4109153170333333
2021-08-06 17:30:00,0.5154608173333333
2021-08-06 18:00:00,0.7330451173333333
2021-08-06 18:30:00,0.8264940196666667
2021-08-06 19:00:00,0.8093205280000001
2021-08-06 19:30:00,0.880733462
2021-08-06 20:00:00,0.8923064096666666
2021-08-06 20:30:00,0.8544274716666667
2021-08-06 21:00:00,0.7973267136666667
2021-08-06 21:30:00,0.7659757273333334
2021-08-06 22:00:00,0.730446739
2021-08-06 22:30:00,0.6667616372413793
2021-08-06 23:00:00,0.6432868862068966
2021-08-06 23:30:00,0.6052466026666666
2021-08-07 00:00:00,0.6258500413333333
2021-08-07 00:30:00,0.5798831403333333
2021-08-07 01:00:00,0.5375804056666666
2021-08-07 01:30:00,0.5128316893333333
2021-08-07 02:00:00,0.5043221746666666
2021-08-07 02:30:00,0.4974924926666667
2021-08-07 03:00:00,0.4920387083333333
2021-08-07 03:30:00,0.4937188573333333
2021-08-07 04:00:00,0.489018756
2021-08-07 04:30:00,0.4819920273333333
2021-08-07 05:00:00,0.490896811
2021-08-07 05:30:00,0.4808724803333333
2021-08-07 06:00:00,0.3975499249999999
2021-08-07 06:30:00,0.2142208602
2021-08-07 07:00:00,-0.0690560431966666
2021-08-07 07:30:00,-0.1076594090333333
2021-08-07 08:00:00,-0.4352169229333333
2021-08-07 08:30:00,0.1891280093333333
2021-08-07 09:00:00,0.1122076079666666
2021-08-07 09:30:00,0.1463584463666666
2021-08-07 10:00:00,0.3536580002666666
2021-08-07 10:30:00,0.0936546062586207
2021-08-07 11:00:00,0.7112007665517242
2021-08-07 11:30:00,0.8198562936666666
2021-08-07 12:00:00,-0.0124620626666666
2021-08-07 12:30:00,0.2385597551
2021-08-07 13:00:00,-0.3372642311533333
2021-08-07 13:30:00,0.2409743135
2021-08-07 14:00:00,-0.0013079002833333
2021-08-07 14:30:00,0.1916838169666666
2021-08-07 15:00:00,0.2071242542666666
2021-08-07 15:30:00,0.4257565518666666
2021-08-07 16:00:00,0.5584739783333333
2021-08-07 16:30:00,0.6166187913333334
2021-08-07 17:00:00,0.7269089766666668
2021-08-07 17:30:00,0.7129077806666667
2021-08-07 18:00:00,0.8560423396666667
2021-08-07 18:30:00,0.864999315
2021-08-07 19:00:00,0.8792695563333334
2021-08-07 19:30:00,0.8670835836666666
2021-08-07 20:00:00,0.8789671476666666
2021-08-07 20:30:00,0.8470965396666668
2021-08-07 21:00:00,0.7878303713333333
2021-08-07 21:30:00,0.727798914
2021-08-07 22:00:00,0.670548385
2021-08-07 22:30:00,0.6257422382758621
2021-08-07 23:00:00,0.6205992537931034
2021-08-07 23:30:00,0.5927764546666666
2021-08-08 00:00:00,0.6132259246666667
2021-08-08 00:30:00,0.5843196433333334
2021-08-08 01:00:00,0.5439463203333333
2021-08-08 01:30:00,0.4931727293333333
2021-08-08 02:00:00,0.482195935
2021-08-08 02:30:00,0.4791960289999999
2021-08-08 03:00:00,0.483866112
2021-08-08 03:30:00,0.475308173
2021-08-08 04:00:00,0.4786956686666667
2021-08-08 04:30:00,0.4772149644827586
2021-08-08 05:00:00,0.48968476
2021-08-08 05:30:00,0.4878243096666666
2021-08-08 06:00:00,0.520634466
2021-08-08 06:30:00,0.518045674
2021-08-08 07:00:00,0.5806133306666666
2021-08-08 07:30:00,0.3567093953333333
2021-08-08 08:00:00,0.146914240499
2021-08-08 08:30:00,0.0867869202333333
2021-08-08 09:00:00,0.3738375239333333
2021-08-08 09:30:00,0.17425458
2021-08-08 10:00:00,0.1981886690333333
2021-08-08 10:30:00,0.4502768186206896
2021-08-08 11:00:00,0.1189334215172413
2021-08-08 11:30:00,0.3995833934333334
2021-08-08 12:00:00,-0.4091511354
2021-08-08 12:30:00,-0.3278221703333333
2021-08-08 13:00:00,-0.9977505283333332
2021-08-08 13:30:00,-0.8743289146833334
2021-08-08 14:00:00,-0.6303889743333334
2021-08-08 14:30:00,-0.5548937023666666
2021-08-08 15:00:00,-0.5324231140833333
2021-08-08 15:30:00,-0.1737660869666666
2021-08-08 16:00:00,0.1115435628
2021-08-08 16:30:00,0.1573211429133333
2021-08-08 17:00:00,0.407646186
2021-08-08 17:30:00,0.5755348126666667
2021-08-08 18:00:00,0.7418097393333334
2021-08-08 18:30:00,0.8467910703333333
2021-08-08 19:00:00,0.8993821719999999
2021-08-08 19:30:00,0.9158850993333334
2021-08-08 20:00:00,0.9524734026666668
2021-08-08 20:30:00,0.9026445696666666
2021-08-08 21:00:00,0.8415695663333334
2021-08-08 21:30:00,0.7497305016666667
2021-08-08 22:00:00,0.675946805
2021-08-08 22:30:00,0.6270669537931034
2021-08-08 23:00:00,0.6144702596551724
2021-08-08 23:30:00,0.5616118483333333
2021-08-09 00:00:00,0.6190066486666667
2021-08-09 00:30:00,0.5981378683333334
2021-08-09 01:00:00,0.5665910603333334
2021-08-09 01:30:00,0.5102521056666667
2021-08-09 02:00:00,0.4946162623333333
2021-08-09 02:30:00,0.494626043
2021-08-09 03:00:00,0.4966476616666667
2021-08-09 03:30:00,0.4986824366666667
2021-08-09 04:00:00,0.5077172383333334
2021-08-09 04:30:00,0.518775821
2021-08-09 05:00:00,0.566572926
2021-08-09 05:30:00,0.5775032606666667
2021-08-09 06:00:00,0.4385168916666667
2021-08-09 06:30:00,0.3034028456666666
2021-08-09 07:00:00,0.1467686703
2021-08-09 07:30:00,0.0183672638433333
2021-08-09 08:00:00,-0.5271768213
2021-08-09 08:30:00,-0.5898889524
2021-08-09 09:00:00,-0.6068885939433333
2021-08-09 09:30:00,-0.3095720056866666
2021-08-09 10:00:00,-0.2768444710333334
2021-08-09 10:30:00,0.1125678292413793
2021-08-09 11:00:00,0.2026762440344827
2021-08-09 11:30:00,0.1914367541333333
2021-08-09 12:00:00,-0.37697144687
2021-08-09 12:30:00,-0.46445998753
2021-08-09 13:00:00,0.3477403606333333
2021-08-09 13:30:00,-0.1302984244
2021-08-09 14:00:00,0.0697851511666666
2021-08-09 14:30:00,-0.2239631015333333
2021-08-09 15:00:00,-0.0075750347333333
2021-08-09 15:30:00,0.3171069310666666
2021-08-09 16:00:00,0.185238577
2021-08-09 16:30:00,0.4118054588333333
2021-08-09 17:00:00,0.9489256596666666
2021-08-09 17:30:00,1.0455388956666667
2021-08-09 18:00:00,0.8784039676666667
2021-08-09 18:30:00,0.9478251516666668
2021-08-09 19:00:00,0.967800135
2021-08-09 19:30:00,0.9700599403333332
2021-08-09 20:00:00,0.9676052883333331
2021-08-09 20:30:00,0.8860396893333333
2021-08-09 21:00:00,0.8245484686666666
2021-08-09 21:30:00,0.7502014290000001
2021-08-09 22:00:00,0.7005573566666666
2021-08-09 22:30:00,0.6136137931034482
2021-08-09 23:00:00,0.6069192072413793
2021-08-09 23:30:00,0.57005396
2021-08-10 00:00:00,0.6127649646666666
2021-08-10 00:30:00,0.5933606353333333
2021-08-10 01:00:00,0.5427448906666666
2021-08-10 01:30:00,0.4994677366666666
2021-08-10 02:00:00,0.5012893143333333
2021-08-10 02:30:00,0.499482432
2021-08-10 03:00:00,0.4932397603333333
2021-08-10 03:30:00,0.4838715073333333
2021-08-10 04:00:00,0.5047910496666667
2021-08-10 04:30:00,0.504891462
2021-08-10 05:00:00,0.555418461
2021-08-10 05:30:00,0.5741674503333333
2021-08-10 06:00:00,0.517265681
2021-08-10 06:30:00,0.4283113096666666
2021-08-10 07:00:00,-0.0209503699666666
2021-08-10 07:30:00,-0.183244823
2021-08-10 08:00:00,-0.2369456257
2021-08-10 08:30:00,-0.2645367677
2021-08-10 09:00:00,-0.9955678386666666
2021-08-10 09:30:00,-1.0830990356666668
2021-08-10 10:00:00,-0.4549827815
2021-08-10 10:30:00,-0.4208920028172414
2021-08-10 11:00:00,-0.3179607528413793
2021-08-10 11:30:00,-0.0637274275333333
2021-08-10 12:00:00,-0.1150038770666666
2021-08-10 12:30:00,-0.0464240767533333
2021-08-10 13:00:00,-0.3910007041533333
2021-08-10 13:30:00,-0.9748693721666668
2021-08-10 14:00:00,-0.2905351392766667
2021-08-10 14:30:00,-0.7432661214666666
2021-08-10 15:00:00,-0.26248239194
2021-08-10 15:30:00,0.305584921
2021-08-10 16:00:00,0.158628973
2021-08-10 16:30:00,0.1708684980766666
2021-08-10 17:00:00,0.32792382395
2021-08-10 17:30:00,0.56694726
2021-08-10 18:00:00,0.8338663833333333
2021-08-10 18:30:00,0.9292128893333332
2021-08-10 19:00:00,0.9618474693333332
2021-08-10 19:30:00,1.0147524186666668
2021-08-10 20:00:00,0.9816034746666666
2021-08-10 20:30:00,0.9087357616666666
2021-08-10 21:00:00,0.8573560953333333
2021-08-10 21:30:00,0.7641271639999999
2021-08-10 22:00:00,0.6704001173333334
2021-08-10 22:30:00,0.6062147596551725
2021-08-10 23:00:00,0.5705027093103447
2021-08-10 23:30:00,0.5425941176666667
2021-08-11 00:00:00,0.5958595790000001
2021-08-11 00:30:00,0.577818116
2021-08-11 01:00:00,0.552108162
2021-08-11 01:30:00,0.4965915163333333
2021-08-11 02:00:00,0.4956960356666666
2021-08-11 02:30:00,0.4910093749999999
2021-08-11 03:00:00,0.499849031
2021-08-11 03:30:00,0.48526759
2021-08-11 04:00:00,0.5085380596666667
2021-08-11 04:30:00,0.515914039
2021-08-11 05:00:00,0.566884659
2021-08-11 05:30:00,0.5205090723333333
2021-08-11 06:00:00,0.6044851766666667
2021-08-11 06:30:00,0.5393423980000001
2021-08-11 07:00:00,0.465393834
2021-08-11 07:30:00,0.2343316898333333
2021-08-11 08:00:00,-0.0900510616933333
2021-08-11 08:30:00,-0.0548602379333333
2021-08-11 09:00:00,-0.1109911579233333
2021-08-11 09:30:00,-0.0920102529333333
2021-08-11 10:00:00,-0.4344399163333333
2021-08-11 10:30:00,-0.4785006844827586
2021-08-11 11:00:00,-0.9391403237931034
2021-08-11 11:30:00,-0.971362382
2021-08-11 12:00:00,-0.2551931484999999
2021-08-11 12:30:00,-0.3858561176666666
2021-08-11 13:00:00,-0.5001995455333333
2021-08-11 13:30:00,0.073621355
2021-08-11 14:00:00,0.2960741411666667
2021-08-11 14:30:00,0.3791600203333333
2021-08-11 15:00:00,0.51363934
2021-08-11 15:30:00,0.647090638
2021-08-11 16:00:00,0.7537901530000001
2021-08-11 16:30:00,0.89792175
2021-08-11 17:00:00,0.995736257
2021-08-11 17:30:00,0.9170952783333334
2021-08-11 18:00:00,0.9051765706666668
2021-08-11 18:30:00,0.943937582
2021-08-11 19:00:00,0.9712680423333332
2021-08-11 19:30:00,0.9854981046666668
2021-08-11 20:00:00,0.9446768186666666
2021-08-11 20:30:00,0.8828126009999999
2021-08-11 21:00:00,0.8373560833333333
2021-08-11 21:30:00,0.761191173
2021-08-11 22:00:00,0.7183385076666667
2021-08-11 22:30:00,0.6240108734482759
2021-08-11 23:00:00,0.6054389572413793
2021-08-11 23:30:00,0.5609021133333333
2021-08-12 00:00:00,0.6065074616666667
2021-08-12 00:30:00,0.5724022343333334
2021-08-12 01:00:00,0.5381174449999999
2021-08-12 01:30:00,0.5016467476666667
2021-08-12 02:00:00,0.4872371816666667
2021-08-12 02:30:00,0.4825597173333333
2021-08-12 03:00:00,0.482627419
2021-08-12 03:30:00,0.480870037
2021-08-12 04:00:00,0.4960963009999999
2021-08-12 04:30:00,0.5209155506666667
2021-08-12 05:00:00,0.5518635340000001
2021-08-12 05:30:00,0.5408616613333332
2021-08-12 06:00:00,0.5119305283333333
2021-08-12 06:30:00,0.3812114265
2021-08-12 07:00:00,0.0729408368099999
2021-08-12 07:30:00,0.4238542253333333
2021-08-12 08:00:00,0.518864186
2021-08-12 08:30:00,0.567612802
2021-08-12 09:00:00,0.6201111856666667
2021-08-12 09:30:00,0.559085248
2021-08-12 10:00:00,0.2886981060333333
2021-08-12 10:30:00,-0.4275763303448276
2021-08-12 11:00:00,0.4329113417931035
2021-08-12 11:30:00,0.168991146
2021-08-12 12:00:00,-0.4890781562666667
2021-08-12 12:30:00,-0.8344201713333333
2021-08-12 13:00:00,-0.9439163433333332
2021-08-12 13:30:00,-0.7119206052666667
2021-08-12 14:00:00,-1.0762210406666668
2021-08-12 14:30:00,-0.7395997396599999
2021-08-12 15:00:00,0.3310807538333333
2021-08-12 15:30:00,0.6614819783333333
2021-08-12 16:00:00,0.657568498
2021-08-12 16:30:00,0.8477717640000001
2021-08-12 17:00:00,0.7508121156666667
2021-08-12 17:30:00,0.7281391873333334
2021-08-12 18:00:00,0.8775545650000001
2021-08-12 18:30:00,0.9173817633333332
2021-08-12 19:00:00,0.937541442
2021-08-12 19:30:00,0.9497106723333332
2021-08-12 20:00:00,0.956208138
2021-08-12 20:30:00,0.9307166036666668
2021-08-12 21:00:00,0.862944513
2021-08-12 21:30:00,0.768927285
2021-08-12 22:00:00,0.6925667733333333
2021-08-12 22:30:00,0.6094013796551724
2021-08-12 23:00:00,0.6075824813793104
2021-08-12 23:30:00,0.5683590546666667
2021-08-13 00:00:00,0.612035865
2021-08-13 00:30:00,0.5760347370000001
2021-08-13 01:00:00,0.5337895013333332
2021-08-13 01:30:00,0.4981569413333334
2021-08-13 02:00:00,0.4914156309999999
2021-08-13 02:30:00,0.4953601462068965
2021-08-13 03:00:00,0.496399517
2021-08-13 03:30:00,0.495041153
2021-08-13 04:00:00,0.5138070596666666
2021-08-13 04:30:00,0.5179836986666666
2021-08-13 05:00:00,0.568555957
2021-08-13 05:30:00,0.577247931
2021-08-13 06:00:00,0.5604756873333333
2021-08-13 06:30:00,0.5005948969999999
2021-08-13 07:00:00,0.4026837013333333
2021-08-13 07:30:00,0.2497273583333333
2021-08-13 08:00:00,0.1992150238
2021-08-13 08:30:00,-0.0927892632933333
2021-08-13 09:00:00,0.1197332247
2021-08-13 09:30:00,-0.02009501404
2021-08-13 10:00:00,-0.2032030011
2021-08-13 10:30:00,-0.0873463838965517
2021-08-13 11:00:00,-0.3808143367931034
2021-08-13 11:30:00,-0.72528668
2021-08-13 12:00:00,0.0667361012666666
2021-08-13 12:30:00,0.0976383064833333
2021-08-13 13:00:00,0.02037979032
2021-08-13 13:30:00,-0.2365437378333333
2021-08-13 14:00:00,-0.8146681561666667
2021-08-13 14:30:00,-0.2934045958
2021-08-13 15:00:00,-0.19457212109
2021-08-13 15:30:00,0.1308546656333333
2021-08-13 16:00:00,0.445905667
2021-08-13 16:30:00,0.4939404464666667
2021-08-13 17:00:00,0.7606041256666667
2021-08-13 17:30:00,0.8882815616666666
2021-08-13 18:00:00,0.968768534
2021-08-13 18:30:00,0.919114661
2021-08-13 19:00:00,0.900197253
2021-08-13 19:30:00,0.896361309
2021-08-13 20:00:00,0.9034318636666666
2021-08-13 20:30:00,0.8689811253333333
2021-08-13 21:00:00,0.8056361083333333
2021-08-13 21:30:00,0.7568796166666666
2021-08-13 22:00:00,0.7141071216666667
2021-08-13 22:30:00,0.6397534151724138
2021-08-13 23:00:00,0.6092638113793104
2021-08-13 23:30:00,0.577529474
2021-08-14 00:00:00,0.6094335416666666
2021-08-14 00:30:00,0.5685026613333334
2021-08-14 01:00:00,0.5329598839999999
2021-08-14 01:30:00,0.4992414686666667
2021-08-14 02:00:00,0.4801215353333333
2021-08-14 02:30:00,0.480684333
2021-08-14 03:00:00,0.475901353
2021-08-14 03:30:00,0.4862818316666666
2021-08-14 04:00:00,0.4851260563333333
2021-08-14 04:30:00,0.491656638
2021-08-14 05:00:00,0.5170665843333333
2021-08-14 05:30:00,0.5040737136666666
2021-08-14 06:00:00,0.4332817046666666
2021-08-14 06:30:00,0.482531132
2021-08-14 07:00:00,0.3679585558333333
2021-08-14 07:30:00,0.3480672189366666
2021-08-14 08:00:00,0.2128138098333333
2021-08-14 08:30:00,0.0056502059666666
2021-08-14 09:00:00,-0.2337300487666666
2021-08-14 09:30:00,-0.2639493307333333
2021-08-14 10:00:00,-0.5050484886666666
2021-08-14 10:30:00,-0.9475469154137932
2021-08-14 11:00:00,-0.7310121377931035
2021-08-14 11:30:00,-0.6127103469
2021-08-14 12:00:00,-1.0087054976666667
2021-08-14 12:30:00,-0.7912393619156667
2021-08-14 13:00:00,-1.0296252341666667
2021-08-14 13:30:00,-1.0685664010000002
2021-08-14 14:00:00,-0.6755917823666666
2021-08-14 14:30:00,-0.6765980239
2021-08-14 15:00:00,-0.4303611867666666
2021-08-14 15:30:00,-0.6343691663333334
2021-08-14 16:00:00,0.15774657
2021-08-14 16:30:00,0.3025281077
2021-08-14 17:00:00,0.4381892706666666
2021-08-14 17:30:00,0.5527105893333334
2021-08-14 18:00:00,0.7446473116666666
2021-08-14 18:30:00,0.7875248506666667
2021-08-14 19:00:00,0.878700177
2021-08-14 19:30:00,0.8895755976666667
2021-08-14 20:00:00,0.8928807913333333
2021-08-14 20:30:00,0.8544592206666667
2021-08-14 21:00:00,0.7987972906666666
2021-08-14 21:30:00,0.7467164143333334
2021-08-14 22:00:00,0.707464006
2021-08-14 22:30:00,0.639427835862069
2021-08-14 23:00:00,0.6153853662068965
2021-08-14 23:30:00,0.6007607666666667
2021-08-15 00:00:00,0.6182106866666667
2021-08-15 00:30:00,0.5787678123333334
2021-08-15 01:00:00,0.5573922916666666
2021-08-15 01:30:00,0.4979224016666667
2021-08-15 02:00:00,0.4874751283333333
2021-08-15 02:30:00,0.4950276683333333
2021-08-15 03:00:00,0.4884826653333333
2021-08-15 03:30:00,0.4817020136666666
2021-08-15 04:00:00,0.4861445756666667
2021-08-15 04:30:00,0.4859907963333333
2021-08-15 05:00:00,0.4926820206666666
2021-08-15 05:30:00,0.5326478566666667
2021-08-15 06:00:00,0.479591529
2021-08-15 06:30:00,0.5083998006666667
2021-08-15 07:00:00,0.5277243323333333
2021-08-15 07:30:00,0.350936775
2021-08-15 08:00:00,0.4649154226666666
2021-08-15 08:30:00,0.5537554523333333
2021-08-15 09:00:00,0.37525852
2021-08-15 09:30:00,0.549116086
2021-08-15 10:00:00,0.4989394648333333
2021-08-15 10:30:00,-0.141816293275862
2021-08-15 11:00:00,0.2682407505862069
2021-08-15 11:30:00,-0.0048424849666666
2021-08-15 12:00:00,0.2499411163666666
2021-08-15 12:30:00,0.4037569855
2021-08-15 13:00:00,0.23349536846
2021-08-15 13:30:00,0.171269373
2021-08-15 14:00:00,0.4676301536666666
2021-08-15 14:30:00,0.0123303292
2021-08-15 15:00:00,0.5057952018666667
2021-08-15 15:30:00,0.52645807
2021-08-15 16:00:00,0.7287677276666666
2021-08-15 16:30:00,0.8706190773333333
2021-08-15 17:00:00,0.875742725
2021-08-15 17:30:00,1.077483923333333
2021-08-15 18:00:00,0.959753708
2021-08-15 18:30:00,0.9585690853333334
2021-08-15 19:00:00,0.9246786623333332
2021-08-15 19:30:00,0.9440681616666668
2021-08-15 20:00:00,0.9357120543333332
2021-08-15 20:30:00,0.9160938023333334
2021-08-15 21:00:00,0.8498889086666667
2021-08-15 21:30:00,0.7479412296666667
2021-08-15 22:00:00,0.6811950213333333
2021-08-15 22:30:00,0.6262983472413793
2021-08-15 23:00:00,0.6110684537931035
2021-08-15 23:30:00,0.556541293
2021-08-16 00:00:00,0.5872268320689655
2021-08-16 00:30:00,0.5526181210344828
2021-08-16 01:00:00,0.521586432
2021-08-16 01:30:00,0.49625038
2021-08-16 02:00:00,0.492055113
2021-08-16 02:30:00,0.4887333036666667
2021-08-16 03:00:00,0.4905432356666666
2021-08-16 03:30:00,0.4864983076666666
2021-08-16 04:00:00,0.500447823
2021-08-16 04:30:00,0.5241069336666667
2021-08-16 05:00:00,0.5583889973333334
2021-08-16 05:30:00,0.546814059
2021-08-16 06:00:00,0.6298058136666668
2021-08-16 06:30:00,0.5913641169999999
2021-08-16 07:00:00,0.5702221656666667
2021-08-16 07:30:00,0.4640084096666667
2021-08-16 08:00:00,0.439190336
2021-08-16 08:30:00,0.376257521
2021-08-16 09:00:00,0.1393432479333333
2021-08-16 09:30:00,-0.1125910409
2021-08-16 10:00:00,0.036800637
2021-08-16 10:30:00,0.6543366137931035
2021-08-16 11:00:00,0.3826307872413793
2021-08-16 11:30:00,0.1516465348766666
2021-08-16 12:00:00,0.0419390299333333
2021-08-16 12:30:00,-0.2279143253166666
2021-08-16 13:00:00,-0.1146650867833333
2021-08-16 13:30:00,-0.1323735558333333
2021-08-16 14:00:00,0.0901568062666666
2021-08-16 14:30:00,0.2731567378333333
2021-08-16 15:00:00,0.0271578264233333
2021-08-16 15:30:00,0.1986034401666666
2021-08-16 16:00:00,0.2486464699333333
2021-08-16 16:30:00,0.5070145805666667
2021-08-16 17:00:00,0.7540263146666667
2021-08-16 17:30:00,0.8559302986666667
2021-08-16 18:00:00,0.962082017
2021-08-16 18:30:00,0.9586755243333334
2021-08-16 19:00:00,0.9845676946666668
2021-08-16 19:30:00,1.000549441
2021-08-16 20:00:00,0.981988204
2021-08-16 20:30:00,0.8985990196666667
2021-08-16 21:00:00,0.811705896
2021-08-16 21:30:00,0.733728879
2021-08-16 22:00:00,0.6801358483333334
2021-08-16 22:30:00,0.6189429457142858
2021-08-16 23:00:00,0.6016641141379311
2021-08-16 23:30:00,0.5604420473333334
2021-08-17 00:00:00,0.6026211920000001
2021-08-17 00:30:00,0.5726991823333333
2021-08-17 01:00:00,0.54439951
2021-08-17 01:30:00,0.5113252326666667
2021-08-17 02:00:00,0.4983200523333334
2021-08-17 02:30:00,0.4864700636666666
2021-08-17 03:00:00,0.4862997343333333
2021-08-17 03:30:00,0.4762071453333333
2021-08-17 04:00:00,0.4958387999999999
2021-08-17 04:30:00,0.51497801
2021-08-17 05:00:00,0.5700136466666667
2021-08-17 05:30:00,0.6325640803333333
2021-08-17 06:00:00,0.6502969933333334
2021-08-17 06:30:00,0.65281521
2021-08-17 07:00:00,0.628160172
2021-08-17 07:30:00,0.3042903405
2021-08-17 08:00:00,0.1054423620333333
2021-08-17 08:30:00,0.2328361543333333
2021-08-17 09:00:00,-0.4460863936666667
2021-08-17 09:30:00,-0.7836274496666668
2021-08-17 10:00:00,-0.2411385722666666
2021-08-17 10:30:00,-0.1002933640172413
2021-08-17 11:00:00,-1.180024245172414
2021-08-17 11:30:00,-1.0263652742433331
2021-08-17 12:00:00,-1.1491835776666666
2021-08-17 12:30:00,-0.8147461662333334
2021-08-17 13:00:00,-0.4285179646666666
2021-08-17 13:30:00,-1.49580744
2021-08-17 14:00:00,-0.3653880991
2021-08-17 14:30:00,0.0672159255
2021-08-17 15:00:00,0.1749534865
2021-08-17 15:30:00,0.2314980627
2021-08-17 16:00:00,0.0922362416
2021-08-17 16:30:00,0.6357400346666666
2021-08-17 17:00:00,0.8878943623333334
2021-08-17 17:30:00,0.8940842043333334
2021-08-17 18:00:00,0.9794965146666668
2021-08-17 18:30:00,0.9670928466666666
2021-08-17 19:00:00,0.9734113773333332
2021-08-17 19:30:00,0.999141859
2021-08-17 20:00:00,0.9799854723333332
2021-08-17 20:30:00,0.9115794406666669
2021-08-17 21:00:00,0.8103686963333333
2021-08-17 21:30:00,0.7341574143333334
2021-08-17 22:00:00,0.657425477
2021-08-17 22:30:00,0.603006684137931
2021-08-17 23:00:00,0.5810557065517241
2021-08-17 23:30:00,0.551770188
2021-08-18 00:00:00,0.5910429796666666
2021-08-18 00:30:00,0.559983613
2021-08-18 01:00:00,0.5309814703333333
2021-08-18 01:30:00,0.4940513648275862
2021-08-18 02:00:00,0.4716114473333333
2021-08-18 02:30:00,0.4744226837931034
2021-08-18 03:00:00,0.4812776210344828
2021-08-18 03:30:00,0.4734029496666666
2021-08-18 04:00:00,0.4908412053333333
2021-08-18 04:30:00,0.5039251886666667
2021-08-18 05:00:00,0.5859125886666666
2021-08-18 05:30:00,0.6247883049999999
2021-08-18 06:00:00,0.6621280756666666
2021-08-18 06:30:00,0.654441599
2021-08-18 07:00:00,0.6304824656666667
2021-08-18 07:30:00,0.5450566763333333
2021-08-18 08:00:00,0.277185408
2021-08-18 08:30:00,0.4796131021428572
2021-08-18 09:00:00,0.33822719094709
2021-08-18 09:30:00,0.1968412797513227
2021-08-18 10:00:00,0.0554553685555555
2021-08-18 10:30:00,0.0945144340689655
2021-08-18 11:00:00,0.2803757379310344
2021-08-18 11:30:00,0.2608195163333333
2021-08-18 12:00:00,0.1603581275666666
2021-08-18 12:30:00,0.0060392519566666
2021-08-18 13:00:00,-0.028702354792
2021-08-18 13:30:00,-0.00990348659
2021-08-18 14:00:00,0.2032820214153333
2021-08-18 14:30:00,0.3112798233333333
2021-08-18 15:00:00,0.4166592026666667
2021-08-18 15:30:00,0.688688529
2021-08-18 16:00:00,0.799752625
2021-08-18 16:30:00,0.8233175216666666
2021-08-18 17:00:00,0.8120639726666667
2021-08-18 17:30:00,0.9310685313333332
2021-08-18 18:00:00,0.9422095343333332
2021-08-18 18:30:00,0.9888677663333334
2021-08-18 19:00:00,1.0569713033333334
2021-08-18 19:30:00,1.0506545619999998
2021-08-18 20:00:00,0.984717
2021-08-18 20:30:00,0.9298564216666668
2021-08-18 21:00:00,0.9045357456666668
2021-08-18 21:30:00,0.7971321166666667
2021-08-18 22:00:00,0.7137586490000001
2021-08-18 22:30:00,0.6669953065517241
2021-08-18 23:00:00,0.6224178144827587
2021-08-18 23:30:00,0.6166524409999999
2021-08-19 00:00:00,0.6462093363333333
2021-08-19 00:30:00,0.6083000006666667
2021-08-19 01:00:00,0.5719788916666667
2021-08-19 01:30:00,0.5372976956666666
2021-08-19 02:00:00,0.531504969
2021-08-19 02:30:00,0.5217966983333333
2021-08-19 03:00:00,0.5204452346666667
2021-08-19 03:30:00,0.5256947113333333
2021-08-19 04:00:00,0.5391474613333334
2021-08-19 04:30:00,0.546511742
2021-08-19 05:00:00,0.6008454400000001
2021-08-19 05:30:00,0.5922113376666667
2021-08-19 06:00:00,0.670130023
2021-08-19 06:30:00,0.586391769
2021-08-19 07:00:00,0.5577985933333333
2021-08-19 07:30:00,0.401886974
2021-08-19 08:00:00,0.2958177446666666
2021-08-19 08:30:00,0.2722578188666666
2021-08-19 09:00:00,0.474147719
2021-08-19 09:30:00,0.1236302196333333
2021-08-19 10:00:00,-0.3341658577066667
2021-08-19 10:30:00,-0.2919250693655172
2021-08-19 11:00:00,-0.4775174327931034
2021-08-19 11:30:00,-0.2846612643333334
2021-08-19 12:00:00,-1.049116435
2021-08-19 12:30:00,-0.6940131257176667
2021-08-19 13:00:00,-0.3409991525533333
2021-08-19 13:30:00,0.2857039197
2021-08-19 14:00:00,0.0448944355333333
2021-08-19 14:30:00,0.3358438901
2021-08-19 15:00:00,0.04779769125
2021-08-19 15:30:00,0.2091586475666666
2021-08-19 16:00:00,0.38048619267
2021-08-19 16:30:00,0.653503854
2021-08-19 17:00:00,0.4522088613333333
2021-08-19 17:30:00,0.6949451743333334
2021-08-19 18:00:00,0.9184413516666668
2021-08-19 18:30:00,0.95059128
2021-08-19 19:00:00,1.0052042516666666
2021-08-19 19:30:00,1.0219994823333334
2021-08-19 20:00:00,0.954223819
2021-08-19 20:30:00,0.9270200313333332
2021-08-19 21:00:00,0.8366546603333334
2021-08-19 21:30:00,0.7661983583333334
2021-08-19 22:00:00,0.7081221993333333
2021-08-19 22:30:00,0.6335235248275862
2021-08-19 23:00:00,0.6089227058620689
2021-08-19 23:30:00,0.5808067769999999
2021-08-20 00:00:00,0.6043555
2021-08-20 00:30:00,0.5692869813333333
2021-08-20 01:00:00,0.5343128173333334
2021-08-20 01:30:00,0.4992441523333333
2021-08-20 02:00:00,0.4850909466666666
2021-08-20 02:30:00,0.4960962683333333
2021-08-20 03:00:00,0.4868742956666666
2021-08-20 03:30:00,0.4783641233333333
2021-08-20 04:00:00,0.5059019396666666
2021-08-20 04:30:00,0.5213347743333333
2021-08-20 05:00:00,0.5830640536666666
2021-08-20 05:30:00,0.6177941393333334
2021-08-20 06:00:00,0.6404594223333333
2021-08-20 06:30:00,0.592657823
2021-08-20 07:00:00,0.6021868133333333
2021-08-20 07:30:00,0.4917622623333333
2021-08-20 08:00:00,0.1025978952133333
2021-08-20 08:30:00,0.0899519773333333
2021-08-20 09:00:00,0.4808909813333333
2021-08-20 09:30:00,0.5243527473333333
2021-08-20 10:00:00,0.4588918966666667
2021-08-20 10:30:00,0.3566616496551724
2021-08-20 11:00:00,-0.010259763275862
2021-08-20 11:30:00,0.1453285474866666
2021-08-20 12:00:00,-0.0951523894066666
2021-08-20 12:30:00,0.1268247428999999
2021-08-20 13:00:00,0.4131010185
2021-08-20 13:30:00,-0.0505447533333333
2021-08-20 14:00:00,0.3194287466333333
2021-08-20 14:30:00,0.1209871445066666
2021-08-20 15:00:00,0.4813688143333333
2021-08-20 15:30:00,0.5377878803333334
2021-08-20 16:00:00,0.70291976
2021-08-20 16:30:00,0.9275314386666668
2021-08-20 17:00:00,0.9795308016666666
2021-08-20 17:30:00,0.9555487256666668
2021-08-20 18:00:00,0.971715185
2021-08-20 18:30:00,0.9081201706666668
2021-08-20 19:00:00,0.9750559913333332
2021-08-20 19:30:00,0.9532872026666668
2021-08-20 20:00:00,0.953993179
2021-08-20 20:30:00,0.8569238493333333
2021-08-20 21:00:00,0.8299820806666667
2021-08-20 21:30:00,0.7647318663333333
2021-08-20 22:00:00,0.7112152166666666
2021-08-20 22:30:00,0.6675785086206897
2021-08-20 23:00:00,0.6280953924137931
2021-08-20 23:30:00,0.5941714146666667
2021-08-21 00:00:00,0.6181738723333333
2021-08-21 00:30:00,0.585535018
2021-08-21 01:00:00,0.547342133
2021-08-21 01:30:00,0.506629567
2021-08-21 02:00:00,0.5028730993333334
2021-08-21 02:30:00,0.49417108
2021-08-21 03:00:00,0.4782693136666667
2021-08-21 03:30:00,0.4812142286666666
2021-08-21 04:00:00,0.4988086436666666
2021-08-21 04:30:00,0.498856364
2021-08-21 05:00:00,0.5361740336666667
2021-08-21 05:30:00,0.5642591373333333
2021-08-21 06:00:00,0.5884052566666667
2021-08-21 06:30:00,0.683579833
2021-08-21 07:00:00,0.7340023626666666
2021-08-21 07:30:00,0.731720442
2021-08-21 08:00:00,0.69208395
2021-08-21 08:30:00,0.7743132423333333
2021-08-21 09:00:00,0.78069318
2021-08-21 09:30:00,0.7899361030000001
2021-08-21 10:00:00,0.6329093936666667
2021-08-21 10:30:00,0.4181341394827586
2021-08-21 11:00:00,-0.6255717537931035
2021-08-21 11:30:00,-0.4779294553333333
2021-08-21 12:00:00,-0.6324545835
2021-08-21 12:30:00,-0.4908833636
2021-08-21 13:00:00,-0.2320406290833333
2021-08-21 13:30:00,-0.0833100268
2021-08-21 14:00:00,-0.138183062
2021-08-21 14:30:00,0.5871002293333334
2021-08-21 15:00:00,-0.2264575341833333
2021-08-21 15:30:00,0.7988785973333333
2021-08-21 16:00:00,0.9919876803333332
2021-08-21 16:30:00,1.03285675
2021-08-21 17:00:00,0.8313608683333334
2021-08-21 17:30:00,0.6238236166666666
2021-08-21 18:00:00,0.929507897
2021-08-21 18:30:00,0.929040439
2021-08-21 19:00:00,0.9574747726666666
2021-08-21 19:30:00,0.947319036
2021-08-21 20:00:00,0.906597732
2021-08-21 20:30:00,0.856067271
2021-08-21 21:00:00,0.8140874386666667
2021-08-21 21:30:00,0.7610974036666666
2021-08-21 22:00:00,0.72187298
2021-08-21 22:30:00,0.6509379534482759
2021-08-21 23:00:00,0.6164694589655172
2021-08-21 23:30:00,0.5803513290000001
2021-08-22 00:00:00,0.6189661816666666
2021-08-22 00:30:00,0.5763997883333333
2021-08-22 01:00:00,0.560195862
2021-08-22 01:30:00,0.5075020043333333
2021-08-22 02:00:00,0.498274525
2021-08-22 02:30:00,0.506392923
2021-08-22 03:00:00,0.4940900596666667
2021-08-22 03:30:00,0.4821821186666666
2021-08-22 04:00:00,0.489943877
2021-08-22 04:30:00,0.502939013
2021-08-22 05:00:00,0.510922629
2021-08-22 05:30:00,0.4622660006666666
2021-08-22 06:00:00,0.4531054183333333
2021-08-22 06:30:00,0.252851495
2021-08-22 07:00:00,0.1480318588
2021-08-22 07:30:00,0.2710891607666666
2021-08-22 08:00:00,0.4823807016666667
2021-08-22 08:30:00,0.1002740571666666
2021-08-22 09:00:00,-0.7635974603333333
2021-08-22 09:30:00,-1.054318092
2021-08-22 10:00:00,-1.202713385
2021-08-22 10:30:00,-1.073984282413793
2021-08-22 11:00:00,-0.5149063177931035
2021-08-22 11:30:00,-0.8733381011333333
2021-08-22 12:00:00,-1.1208078249666669
2021-08-22 12:30:00,-1.2726707813333331
2021-08-22 13:00:00,-0.9412457709333334
2021-08-22 13:30:00,-0.9645658502
2021-08-22 14:00:00,-1.161500550666667
2021-08-22 14:30:00,-1.050771641
2021-08-22 15:00:00,-0.5203461864666666
2021-08-22 15:30:00,-0.416437127
2021-08-22 16:00:00,-0.17971609928
2021-08-22 16:30:00,0.1460353363833333
2021-08-22 17:00:00,0.4476664946666667
2021-08-22 17:30:00,0.7249242483333334
2021-08-22 18:00:00,0.8979929406666667
2021-08-22 18:30:00,0.9545233603333332
2021-08-22 19:00:00,0.9905193253333332
2021-08-22 19:30:00,1.0087534176666666
2021-08-22 20:00:00,0.9468020483333334
2021-08-22 20:30:00,0.9075224343333332
2021-08-22 21:00:00,0.8264126776666667
2021-08-22 21:30:00,0.7667839559999999
2021-08-22 22:00:00,0.6856364256666667
2021-08-22 22:30:00,0.6035221617241379
2021-08-22 23:00:00,0.6101056089655172
2021-08-22 23:30:00,0.5769215893333333
2021-08-23 00:00:00,0.5951076446666667
2021-08-23 00:30:00,0.574729426
2021-08-23 01:00:00,0.5590047929999999
2021-08-23 01:30:00,0.5140736956666667
2021-08-23 02:00:00,0.497797447
2021-08-23 02:30:00,0.494374342
2021-08-23 03:00:00,0.4855128906666666
2021-08-23 03:30:00,0.489974882
2021-08-23 04:00:00,0.5109221153333333
2021-08-23 04:30:00,0.5413829643333333
2021-08-23 05:00:00,0.578838682
2021-08-23 05:30:00,0.5937442216666666
2021-08-23 06:00:00,0.5970765193333333
2021-08-23 06:30:00,0.4290782776666667
2021-08-23 07:00:00,0.3926772643333333
2021-08-23 07:30:00,0.2174563888533333
2021-08-23 08:00:00,0.1222424402666666
2021-08-23 08:30:00,0.417866279
2021-08-23 09:00:00,0.5173202426666667
2021-08-23 09:30:00,0.4727460943333333
2021-08-23 10:00:00,0.4047719021333333
2021-08-23 10:30:00,0.3471798568965517
2021-08-23 11:00:00,0.1398748404586207
2021-08-23 11:30:00,0.1069845260333333
2021-08-23 12:00:00,0.2667215143333333
2021-08-23 12:30:00,0.381148772
2021-08-23 13:00:00,0.3351364273333333
2021-08-23 13:30:00,0.5673031476666667
2021-08-23 14:00:00,0.4389532533333333
2021-08-23 14:30:00,0.4201273496666667
2021-08-23 15:00:00,0.440242577
2021-08-23 15:30:00,0.4770352969999999
2021-08-23 16:00:00,0.4691002536666666
2021-08-23 16:30:00,0.2958119093
2021-08-23 17:00:00,0.7461765353333334
2021-08-23 17:30:00,0.8822798436666667
2021-08-23 18:00:00,0.945887572
2021-08-23 18:30:00,0.988607428
2021-08-23 19:00:00,1.0171076293333334
2021-08-23 19:30:00,1.0161062966666663
2021-08-23 20:00:00,0.9834407563333334
2021-08-23 20:30:00,0.899941451
2021-08-23 21:00:00,0.8573801866666667
2021-08-23 21:30:00,0.7535442873333333
2021-08-23 22:00:00,0.687840684
2021-08-23 22:30:00,0.599754884137931
2021-08-23 23:00:00,0.5874497365517242
2021-08-23 23:30:00,0.5564071823333333
2021-08-24 00:00:00,0.5923433053333333
2021-08-24 00:30:00,0.5589192393333333
2021-08-24 01:00:00,0.5133832343333333
2021-08-24 01:30:00,0.4836558073333333
2021-08-24 02:00:00,0.4638667263333333
2021-08-24 02:30:00,0.481541975
2021-08-24 03:00:00,0.4753746566666667
2021-08-24 03:30:00,0.4775600006666666
2021-08-24 04:00:00,0.4963467593333333
2021-08-24 04:30:00,0.5130090563333334
2021-08-24 05:00:00,0.57985843
2021-08-24 05:30:00,0.636513471
2021-08-24 06:00:00,0.6267390053333333
2021-08-24 06:30:00,0.58031377
2021-08-24 07:00:00,0.555241204
2021-08-24 07:30:00,0.3268936504999999
2021-08-24 08:00:00,0.2199836369999999
2021-08-24 08:30:00,-0.3143628697333333
2021-08-24 09:00:00,-0.7485379048333333
2021-08-24 09:30:00,-0.8106550346666667
2021-08-24 10:00:00,-1.33634478
2021-08-24 10:30:00,-1.3290346948275862
2021-08-24 11:00:00,-1.278391878275862
2021-08-24 11:30:00,-1.41072839
2021-08-24 12:00:00,-1.2639393928333331
2021-08-24 12:30:00,-0.8326760805333334
2021-08-24 13:00:00,-1.1598559972
2021-08-24 13:30:00,-1.257575834
2021-08-24 14:00:00,-1.0118839308666667
2021-08-24 14:30:00,-1.060402425
2021-08-24 15:00:00,-0.7379514363333333
2021-08-24 15:30:00,-0.301327301
2021-08-24 16:00:00,0.1100274496066666
2021-08-24 16:30:00,0.2274481925333333
2021-08-24 17:00:00,0.64129997
2021-08-24 17:30:00,0.7611269106666666
2021-08-24 18:00:00,0.9147196743333332
2021-08-24 18:30:00,0.98203516
2021-08-24 19:00:00,1.0287873186666667
2021-08-24 19:30:00,1.08203206
2021-08-24 20:00:00,1.034173287
2021-08-24 20:30:00,0.9200634433333332
2021-08-24 21:00:00,0.8285663033333334
2021-08-24 21:30:00,0.7721824716666668
2021-08-24 22:00:00,0.691697773
2021-08-24 22:30:00,0.6273815535714286
2021-08-24 23:00:00,0.6149608924137931
2021-08-24 23:30:00,0.5666008203333334
2021-08-25 00:00:00,0.6179548643333334
2021-08-25 00:30:00,0.5978048433333334
2021-08-25 01:00:00,0.5526753689999999
2021-08-25 01:30:00,0.5204943893333334
2021-08-25 02:00:00,0.5023551326666666
2021-08-25 02:30:00,0.5060672683333334
2021-08-25 03:00:00,0.5073619573333333
2021-08-25 03:30:00,0.4996605626666666
2021-08-25 04:00:00,0.497390987
2021-08-25 04:30:00,0.5234396033333334
2021-08-25 05:00:00,0.5636346823333334
2021-08-25 05:30:00,0.607761019
2021-08-25 06:00:00,0.5872996336666667
2021-08-25 06:30:00,0.4116951446666667
2021-08-25 07:00:00,0.1879951473333333
2021-08-25 07:30:00,0.0042787902133333
2021-08-25 08:00:00,0.1623382166666666
2021-08-25 08:30:00,-0.3543936365333333
2021-08-25 09:00:00,-0.4588974885666666
2021-08-25 09:30:00,0.117276989
2021-08-25 10:00:00,0.1382334125666666
2021-08-25 10:30:00,0.0233050297931034
2021-08-25 11:00:00,-0.3635856691413793
2021-08-25 11:30:00,-0.3971163858333333
2021-08-25 12:00:00,-0.5548723033333333
2021-08-25 12:30:00,-0.7855015123666667
2021-08-25 13:00:00,-0.8948710183333334
2021-08-25 13:30:00,-1.1040895042666667
2021-08-25 14:00:00,-1.0764704588666667
2021-08-25 14:30:00,-1.0213190329
2021-08-25 15:00:00,-0.884116572
2021-08-25 15:30:00,-0.578425115
2021-08-25 16:00:00,-0.1599045059891333
2021-08-25 16:30:00,0.2236422379
2021-08-25 17:00:00,0.5433712483333333
2021-08-25 17:30:00,0.782053177
2021-08-25 18:00:00,0.9585875556666666
2021-08-25 18:30:00,1.024964583
2021-08-25 19:00:00,1.0759554433333334
2021-08-25 19:30:00,1.0492655966666666
2021-08-25 20:00:00,1.0239237843333333
2021-08-25 20:30:00,0.9302176003333332
2021-08-25 21:00:00,0.8323054813333334
2021-08-25 21:30:00,0.7182740086666667
2021-08-25 22:00:00,0.677282863
2021-08-25 22:30:00,0.628815631724138
2021-08-25 23:00:00,0.5988597350000001
2021-08-25 23:30:00,0.5601522706666666
2021-08-26 00:00:00,0.6058823839999999
2021-08-26 00:30:00,0.5608194756666667
2021-08-26 01:00:00,0.5343518623333333
2021-08-26 01:30:00,0.4987744963333334
2021-08-26 02:00:00,0.4950817676666666
2021-08-26 02:30:00,0.5020195393333333
2021-08-26 03:00:00,0.4992915803333334
2021-08-26 03:30:00,0.489831727
2021-08-26 04:00:00,0.501508304
2021-08-26 04:30:00,0.5402052516666667
2021-08-26 05:00:00,0.585816459
2021-08-26 05:30:00,0.6060111023333333
2021-08-26 06:00:00,0.6177794103333334
2021-08-26 06:30:00,0.5919245643333333
2021-08-26 07:00:00,0.690165273
2021-08-26 07:30:00,0.6390117373333334
2021-08-26 08:00:00,0.7039185663333334
2021-08-26 08:30:00,0.5670040316666667
2021-08-26 09:00:00,0.2394633999666666
2021-08-26 09:30:00,0.2082150604666666
2021-08-26 10:00:00,0.2557065152633333
2021-08-26 10:30:00,-0.4337422412068966
2021-08-26 11:00:00,-0.7748569237931034
2021-08-26 11:30:00,-1.0170058293333333
2021-08-26 12:00:00,-0.8964777761333332
2021-08-26 12:30:00,-1.330532359
2021-08-26 13:00:00,-1.4508019233333334
2021-08-26 13:30:00,-1.39694153
2021-08-26 14:00:00,-1.208628493333333
2021-08-26 14:30:00,-1.015335432
2021-08-26 15:00:00,-0.750528629
2021-08-26 15:30:00,-0.4681000883333333
2021-08-26 16:00:00,-0.12267712142
2021-08-26 16:30:00,0.2518568406666667
2021-08-26 17:00:00,0.520864978
2021-08-26 17:30:00,0.804839327
2021-08-26 18:00:00,0.9485939663333334
2021-08-26 18:30:00,0.981408479
2021-08-26 19:00:00,1.0553288936666667
2021-08-26 19:30:00,1.0108543723333334
2021-08-26 20:00:00,0.9521620383333332
2021-08-26 20:30:00,0.9107844423333332
2021-08-26 21:00:00,0.8740592746666667
2021-08-26 21:30:00,0.774233465
2021-08-26 22:00:00,0.7175054843333334
2021-08-26 22:30:00,0.6364622234482759
2021-08-26 23:00:00,0.5998021544827586
2021-08-26 23:30:00,0.5843370646666667
2021-08-27 00:00:00,0.6009785493333334
2021-08-27 00:30:00,0.5907114806666667
2021-08-27 01:00:00,0.540818737
2021-08-27 01:30:00,0.5076592723333333
2021-08-27 02:00:00,0.4844692268965517
2021-08-27 02:30:00,0.4861461456666667
2021-08-27 03:00:00,0.489443543
2021-08-27 03:30:00,0.4904341693333333
2021-08-27 04:00:00,0.509433808
2021-08-27 04:30:00,0.5321425216666666
2021-08-27 05:00:00,0.5626365320000001
2021-08-27 05:30:00,0.5929695666666667
2021-08-27 06:00:00,0.5684847683333333
2021-08-27 06:30:00,0.426730321
2021-08-27 07:00:00,0.1207419755666666
2021-08-27 07:30:00,0.019734176
2021-08-27 08:00:00,-0.4755279203333333
2021-08-27 08:30:00,-0.4517705573333333
2021-08-27 09:00:00,-0.3907282699666667
2021-08-27 09:30:00,0.1129748554
2021-08-27 10:00:00,-0.269631166
2021-08-27 10:30:00,-0.1575441254344827
2021-08-27 11:00:00,-0.0180378663734482
2021-08-27 11:30:00,0.0257680878033333
2021-08-27 12:00:00,-0.03401700385
2021-08-27 12:30:00,-0.1781197692666666
2021-08-27 13:00:00,-0.0618982198333333
2021-08-27 13:30:00,0.0038180791033333
2021-08-27 14:00:00,-0.0553803185
2021-08-27 14:30:00,-0.0393597758733333
2021-08-27 15:00:00,0.3746322626666666
2021-08-27 15:30:00,0.438704168
2021-08-27 16:00:00,0.5631036383333333
2021-08-27 16:30:00,0.8181236046666667
2021-08-27 17:00:00,0.8856010953333333
2021-08-27 17:30:00,0.9933981276666668
2021-08-27 18:00:00,0.991440165
2021-08-27 18:30:00,0.9951181746666666
2021-08-27 19:00:00,1.023025718
2021-08-27 19:30:00,0.9986114833333332
2021-08-27 20:00:00,0.9369831633333334
2021-08-27 20:30:00,0.8802731946666668
2021-08-27 21:00:00,0.8241333163333333
2021-08-27 21:30:00,0.7656909356666667
2021-08-27 22:00:00,0.7359554576666666
2021-08-27 22:30:00,0.6506649882758622
2021-08-27 23:00:00,0.6220317368965517
2021-08-27 23:30:00,0.5867475253333333
2021-08-28 00:00:00,0.6193961986666667
2021-08-28 00:30:00,0.5955972336666666
2021-08-28 01:00:00,0.5483240303333333
2021-08-28 01:30:00,0.5093035853333333
2021-08-28 02:00:00,0.507332057
2021-08-28 02:30:00,0.4921201553333333
2021-08-28 03:00:00,0.486883672
2021-08-28 03:30:00,0.4820779493333333
2021-08-28 04:00:00,0.491970776
2021-08-28 04:30:00,0.5010535816666667
2021-08-28 05:00:00,0.5215138876666666
2021-08-28 05:30:00,0.524099021
2021-08-28 06:00:00,0.4955146266666667
2021-08-28 06:30:00,0.368602729
2021-08-28 07:00:00,0.1584666760333333
2021-08-28 07:30:00,0.1203406954166666
2021-08-28 08:00:00,0.3924703996666666
2021-08-28 08:30:00,0.3585625679999999
2021-08-28 09:00:00,0.3269552293333333
2021-08-28 09:30:00,0.2787447636666667
2021-08-28 10:00:00,0.0857069941333333
2021-08-28 10:30:00,-0.0631282940793103
2021-08-28 11:00:00,-0.2323354645172414
2021-08-28 11:30:00,-0.4850312368
2021-08-28 12:00:00,-0.2073654120866666
2021-08-28 12:30:00,-0.7268906010666666
2021-08-28 13:00:00,-0.8218797767666666
2021-08-28 13:30:00,-0.1967676689
2021-08-28 14:00:00,-0.5485926513
2021-08-28 14:30:00,-0.3790796457333333
2021-08-28 15:00:00,-0.8108802666666667
2021-08-28 15:30:00,-0.456463674
2021-08-28 16:00:00,0.3493403289666666
2021-08-28 16:30:00,0.11912395071
2021-08-28 17:00:00,0.4798571483333333
2021-08-28 17:30:00,0.723733475
2021-08-28 18:00:00,0.874350462
2021-08-28 18:30:00,0.9332840816666668
2021-08-28 19:00:00,0.938735148
2021-08-28 19:30:00,0.9605166443333334
2021-08-28 20:00:00,0.9027369483333332
2021-08-28 20:30:00,0.8481563836666666
2021-08-28 21:00:00,0.7880702730000001
2021-08-28 21:30:00,0.7277633386666668
2021-08-28 22:00:00,0.686433445
2021-08-28 22:30:00,0.6530976689655172
2021-08-28 23:00:00,0.6068554372413794
2021-08-28 23:30:00,0.600553944
2021-08-29 00:00:00,0.6268024406666667
2021-08-29 00:30:00,0.578947933
2021-08-29 01:00:00,0.54798183
2021-08-29 01:30:00,0.5062452906896552
2021-08-29 02:00:00,0.485276915
2021-08-29 02:30:00,0.485899135
2021-08-29 03:00:00,0.4813120809999999
2021-08-29 03:30:00,0.4648872983333333
2021-08-29 04:00:00,0.4809798603333333
2021-08-29 04:30:00,0.4948388063333333
2021-08-29 05:00:00,0.4971893473333333
2021-08-29 05:30:00,0.496101848
2021-08-29 06:00:00,0.4500196926666666
2021-08-29 06:30:00,0.3550463733333334
2021-08-29 07:00:00,0.1253783498
2021-08-29 07:30:00,-0.0888067639333333
2021-08-29 08:00:00,-0.3696304206666667
2021-08-29 08:30:00,-0.5890046506666666
2021-08-29 09:00:00,-0.83350443
2021-08-29 09:30:00,-0.987897154
2021-08-29 10:00:00,-1.0385254126666663
2021-08-29 10:30:00,-1.0079859593103448
2021-08-29 11:00:00,-0.4348608884827586
2021-08-29 11:30:00,0.1058515173333333
2021-08-29 12:00:00,-0.6366095870333334
2021-08-29 12:30:00,-1.246927342
2021-08-29 13:00:00,-0.4610206475
2021-08-29 13:30:00,-0.9025209281666666
2021-08-29 14:00:00,-0.5857027700666666
2021-08-29 14:30:00,-0.8890466573
2021-08-29 15:00:00,-0.5544365847333333
2021-08-29 15:30:00,-0.1476992809333333
2021-08-29 16:00:00,0.0417462940166666
2021-08-29 16:30:00,0.3325213894566666
2021-08-29 17:00:00,0.7259312133333334
2021-08-29 17:30:00,0.8118974836666666
2021-08-29 18:00:00,0.889074402
2021-08-29 18:30:00,0.9284839733333332
2021-08-29 19:00:00,0.971393657
2021-08-29 19:30:00,0.94434675
2021-08-29 20:00:00,0.8864642269999999
2021-08-29 20:30:00,0.8285861526666667
2021-08-29 21:00:00,0.7971273826666666
2021-08-29 21:30:00,0.7156201876666667
2021-08-29 22:00:00,0.6813987363333334
2021-08-29 22:30:00,0.6296067610344828
2021-08-29 23:00:00,0.5978593186206896
2021-08-29 23:30:00,0.5671788053333333
2021-08-30 00:00:00,0.6134397916666666
2021-08-30 00:30:00,0.5744017026666667
2021-08-30 01:00:00,0.5406471646666666
2021-08-30 01:30:00,0.498482565
2021-08-30 02:00:00,0.491684733
2021-08-30 02:30:00,0.488976931
2021-08-30 03:00:00,0.485379428
2021-08-30 03:30:00,0.476487061
2021-08-30 04:00:00,0.4860693476666666
2021-08-30 04:30:00,0.4933762606666667
2021-08-30 05:00:00,0.5426387013333333
2021-08-30 05:30:00,0.5799114606666667
2021-08-30 06:00:00,0.6001633116666666
2021-08-30 06:30:00,0.593162996
2021-08-30 07:00:00,0.5688572763333333
2021-08-30 07:30:00,0.5783841116666667
2021-08-30 08:00:00,0.5393609183333333
2021-08-30 08:30:00,0.599232009
2021-08-30 09:00:00,0.5518923253333334
2021-08-30 09:30:00,0.4176576783333333
2021-08-30 10:00:00,0.2585494873333333
2021-08-30 10:30:00,0.1980411089655172
2021-08-30 11:00:00,0.1264605246896551
2021-08-30 11:30:00,0.0300639463966666
2021-08-30 12:00:00,-0.1900530787
2021-08-30 12:30:00,-0.2035847875
2021-08-30 13:00:00,-0.4564153666666666
2021-08-30 13:30:00,-0.16159543335
2021-08-30 14:00:00,0.0064043343666666
2021-08-30 14:30:00,0.1944132180333333
2021-08-30 15:00:00,0.382205722
2021-08-30 15:30:00,0.5391632436666666
2021-08-30 16:00:00,0.8156568136666666
2021-08-30 16:30:00,0.958131233
2021-08-30 17:00:00,1.12067725
2021-08-30 17:30:00,1.17428703
2021-08-30 18:00:00,1.1500155833333332
2021-08-30 18:30:00,1.11859504
2021-08-30 19:00:00,1.07452278
2021-08-30 19:30:00,1.0064817046666668
2021-08-30 20:00:00,0.9465130233333332
2021-08-30 20:30:00,0.9222171056666666
2021-08-30 21:00:00,0.8364847003333333
2021-08-30 21:30:00,0.7472760306666667
2021-08-30 22:00:00,0.6676742693333334
2021-08-30 22:30:00,0.617745348275862
2021-08-30 23:00:00,0.5958800772413793
2021-08-30 23:30:00,0.5763536776666667
2021-08-31 00:00:00,0.6117467649999999
2021-08-31 00:30:00,0.5820307503333333
2021-08-31 01:00:00,0.5539869553333333
2021-08-31 01:30:00,0.5031176068965517
2021-08-31 02:00:00,0.5123566206666667
2021-08-31 02:30:00,0.504495625
2021-08-31 03:00:00,0.504583775
2021-08-31 03:30:00,0.5021188096666667
2021-08-31 04:00:00,0.5091765606666666
2021-08-31 04:30:00,0.5334016423333333
2021-08-31 05:00:00,0.61450988
2021-08-31 05:30:00,0.6556819276666667
2021-08-31 06:00:00,0.6452392823333334
2021-08-31 06:30:00,0.6169141513333333
2021-08-31 07:00:00,0.6171798353333333
2021-08-31 07:30:00,0.4982833106666666
2021-08-31 08:00:00,0.35647195
2021-08-31 08:30:00,0.1883192526666666
2021-08-31 09:00:00,-0.11447180009
2021-08-31 09:30:00,-0.350903028
2021-08-31 10:00:00,-0.2189312132999999
2021-08-31 10:30:00,-0.1998870160413793
2021-08-31 11:00:00,0.2929568959999999
2021-08-31 11:30:00,-0.0006421695333333
2021-08-31 12:00:00,0.2158836793333333
2021-08-31 12:30:00,-0.0271078286566666
2021-08-31 13:00:00,0.243704698
2021-08-31 13:30:00,0.2652815569666666
2021-08-31 14:00:00,0.1696316311666666
2021-08-31 14:30:00,0.2412551289999999
2021-08-31 15:00:00,0.4080218563333334
2021-08-31 15:30:00,0.7358079390000001
2021-08-31 16:00:00,0.8964937276666667
2021-08-31 16:30:00,1.0732570873333331
2021-08-31 17:00:00,1.1554537033333332
2021-08-31 17:30:00,1.0989832266666668
2021-08-31 18:00:00,1.08633229
2021-08-31 18:30:00,1.12143152
2021-08-31 19:00:00,1.1289628833333334
2021-08-31 19:30:00,1.10333198
2021-08-31 20:00:00,1.010894891666667
2021-08-31 20:30:00,0.930820347
2021-08-31 21:00:00,0.8094714303333334
2021-08-31 21:30:00,0.7872127353333334
2021-08-31 22:00:00,0.696358703
2021-08-31 22:30:00,0.6247553693103448
2021-08-31 23:00:00,0.5906847534482759
2021-08-31 23:30:00,0.5701866196666666
